7.64	2020-03-30 13:47:44.174817	db-07.flowers-bartlett.com	9d4f4429-d43e-4ce6-99c7-cbd58a99f9aa	81.01805110115812	{'m1': 1600, 'm2': 4017, 'm3': 784, 'm4': 4982, 'm5': 4794, 'm6': 2750}
7.64	2020-03-30 13:47:44.174895	db-12.lopez.com	dbceb68c-aaa4-45ed-b8bc-8ffeb9f93563	90.44270534630421	{'m1': 9416, 'm2': 10494, 'm3': 91, 'm4': 4508, 'm5': 4200, 'm6': 9350}
7.64	2020-03-30 13:47:44.174923	desktop-16.garrett-hall.info	4c34b241-455a-4644-9b76-1c95c469fed6	20.53486774726342	{'m1': 4048, 'm2': 7735, 'm3': 5832, 'm4': 1365, 'm5': 3977, 'm6': 6450}
7.64	2020-03-30 13:47:44.174949	lt-78.turner.com	e8ace88a-2288-4ad0-a06d-a5bcbc3c62f5	18.304693360224142	{'m1': 5768, 'm2': 4950, 'm3': 7452, 'm4': 408, 'm5': 4784, 'm6': 5300}
7.64	2020-03-30 13:47:44.174974	web-03.may-anderson.com	d0137873-b1ea-4706-9b4e-2345c212d555	72.06126319364475	{'m1': 9595, 'm2': 2280, 'm3': 6138, 'm4': 3570, 'm5': 3913, 'm6': 5950}
7.64	2020-03-30 13:47:44.175004	email-26.dunn.biz	8dcce168-0fdc-4f43-88ce-56b16446b5fe	59.50698495598388	{'m1': 10368, 'm2': 936, 'm3': 9191, 'm4': 4841, 'm5': 9604, 'm6': 5250}
7.64	2020-03-30 13:47:44.175034	web-05.holmes.com	f1f38e97-570b-4851-a4eb-506b77259eba	75.950804988946	{'m1': 1000, 'm2': 1802, 'm3': 5225, 'm4': 5664, 'm5': 3333, 'm6': 1350}
7.64	2020-03-30 13:47:44.175064	lt-31.hunt.com	91cf3bcc-ff74-429d-8b57-d5c2d5560151	13.199729707890278	{'m1': 9135, 'm2': 1404, 'm3': 2325, 'm4': 4550, 'm5': 4428, 'm6': 5000}
7.64	2020-03-30 13:47:44.175092	web-78.chang-green.org	b82d02f9-25b7-41e1-b319-2ef2e5d2a4ef	87.39631728298826	{'m1': 3404, 'm2': 8556, 'm3': 4368, 'm4': 7725, 'm5': 7760, 'm6': 6500}
7.64	2020-03-30 13:47:44.175121	db-59.barber-stone.info	aaa8ffa5-00be-4c82-9d0e-733e04261ad7	31.79344317008322	{'m1': 3456, 'm2': 4692, 'm3': 4104, 'm4': 963, 'm5': 792, 'm6': 3900}
7.64	2020-03-30 13:47:44.175145	email-25.wolf-gray.com	250aa722-0b03-4308-8f23-2a3e44c8fb8f	28.16387087406685	{'m1': 1944, 'm2': 9400, 'm3': 5940, 'm4': 8649, 'm5': 8232, 'm6': 5600}
7.64	2020-03-30 13:47:44.175176	laptop-43.roberson.com	cb839198-8628-456b-bdbb-d6bfb62c1d89	65.43340475959954	{'m1': 9785, 'm2': 9999, 'm3': 6048, 'm4': 97, 'm5': 2754, 'm6': 9700}
7.64	2020-03-30 13:47:44.175200	web-87.fitzgerald.net	e8bd26f1-2c9c-459f-805c-54dd9c19184d	71.26301679012019	{'m1': 10070, 'm2': 10094, 'm3': 8064, 'm4': 6076, 'm5': 2756, 'm6': 9650}
7.64	2020-03-30 13:47:44.175230	lt-98.coleman.info	98bbb6aa-ace4-424a-80fa-05a5902bd59d	73.49416231515346	{'m1': 4160, 'm2': 6466, 'm3': 558, 'm4': 8132, 'm5': 1111, 'm6': 5050}
7.64	2020-03-30 13:47:44.175260	db-91.dickerson.net	d63b098f-4fa9-46ad-a156-3384b80afc5c	19.786661149366665	{'m1': 864, 'm2': 7826, 'm3': 8526, 'm4': 8008, 'm5': 5376, 'm6': 4700}
7.64	2020-03-30 13:47:44.175289	lt-41.johnson-adams.info	cfa42da3-7fef-4f3e-a39e-4f042149c93d	31.186318225018944	{'m1': 8740, 'm2': 1734, 'm3': 8736, 'm4': 8374, 'm5': 104, 'm6': 5450}
7.64	2020-03-30 13:47:44.175314	srv-35.brown.com	fbc8f47f-f32b-42be-9600-28300c11b54f	25.144864598926958	{'m1': 4700, 'm2': 2392, 'm3': 3298, 'm4': 600, 'm5': 99, 'm6': 3650}
7.64	2020-03-30 13:47:44.175345	srv-42.roman.com	e8475dc8-2b6c-4bc5-a188-f02b50c25743	29.330320958476573	{'m1': 630, 'm2': 3666, 'm3': 7719, 'm4': 837, 'm5': 3168, 'm6': 2250}
7.64	2020-03-30 13:47:44.175371	db-05.liu.com	174b8be0-05f7-4ba1-bdfd-d388a0e2da86	44.133144751293244	{'m1': 4802, 'm2': 2014, 'm3': 2461, 'm4': 2472, 'm5': 5150, 'm6': 3400}
7.64	2020-03-30 13:47:44.175396	email-49.adams-garcia.com	57a0391f-8bfd-472c-9c9b-397e6817f65e	86.91050217166953	{'m1': 9894, 'm2': 2020, 'm3': 6693, 'm4': 9396, 'm5': 4680, 'm6': 5850}
7.64	2020-03-30 13:47:44.175425	laptop-03.wilson.com	79eb4096-9c87-47fd-8a17-fe1463e58650	66.49015816961685	{'m1': 3848, 'm2': 4224, 'm3': 606, 'm4': 2100, 'm5': 5778, 'm6': 4050}
7.64	2020-03-30 13:47:44.175449	srv-83.price-waters.info	36211232-49fe-429b-b42b-f56841004e9c	21.07107643730845	{'m1': 1530, 'm2': 7905, 'm3': 6984, 'm4': 7056, 'm5': 3296, 'm6': 5000}
7.64	2020-03-30 13:47:44.175477	srv-23.villegas.biz	72dea28b-31a5-4135-890c-9d40e2cb2a1b	31.243206298424283	{'m1': 10692, 'm2': 1470, 'm3': 7038, 'm4': 7954, 'm5': 2116, 'm6': 5650}
7.64	2020-03-30 13:47:44.175506	web-90.nunez-allen.com	b4975774-e122-4002-bd8e-0f1294e7932c	68.68382155207387	{'m1': 1152, 'm2': 420, 'm3': 1045, 'm4': 3000, 'm5': 3700, 'm6': 800}
7.64	2020-03-30 13:47:44.175536	lt-50.pierce-gonzalez.org	ffa3f82e-f2bb-488d-a8d5-68940f7e8c49	12.533854722453363	{'m1': 3400, 'm2': 8536, 'm3': 8944, 'm4': 6336, 'm5': 2548, 'm6': 6100}
7.64	2020-03-30 13:47:44.175565	email-17.drake-henderson.com	22ba9c04-8314-4b8b-ab48-3efd977528a0	10.55960954602515	{'m1': 3852, 'm2': 9309, 'm3': 1836, 'm4': 3038, 'm5': 4092, 'm6': 6150}
7.64	2020-03-30 13:47:44.175587	laptop-55.walker-smith.info	1808246b-03ad-484c-9658-f174c4b0303f	99.21292216731244	{'m1': 9024, 'm2': 8256, 'm3': 6958, 'm4': 3960, 'm5': 3210, 'm6': 9000}
7.64	2020-03-30 13:47:44.175619	laptop-22.lewis-harmon.org	0c909159-4909-4924-9d75-78264750f729	95.73617620665533	{'m1': 7600, 'm2': 3290, 'm3': 4944, 'm4': 7600, 'm5': 2200, 'm6': 5750}
7.64	2020-03-30 13:47:44.175648	desktop-24.wagner-macias.com	eb28dbd6-a990-465f-82ab-fe510ea3ef9d	49.153402139364694	{'m1': 5040, 'm2': 9630, 'm3': 1820, 'm4': 5626, 'm5': 8536, 'm6': 6900}
7.64	2020-03-30 13:47:44.175677	srv-75.james.com	1d83ceda-2f39-4b4b-9700-9e5ef7e2e154	99.01242269234051	{'m1': 8439, 'm2': 6080, 'm3': 7210, 'm4': 7488, 'm5': 6656, 'm6': 7550}
7.64	2020-03-30 13:47:44.175702	db-29.dickson-holland.com	a74603b3-ccec-4f11-bec7-4e8954acd988	84.43645044713129	{'m1': 6693, 'm2': 3922, 'm3': 9595, 'm4': 1649, 'm5': 5170, 'm6': 5300}
7.64	2020-03-30 13:47:44.175730	email-92.fisher-tucker.com	a8a053e5-f503-44f1-9782-aa18abdea3fa	26.463104489005268	{'m1': 2716, 'm2': 104, 'm3': 8428, 'm4': 7650, 'm5': 5858, 'm6': 1450}
7.64	2020-03-30 13:47:44.175760	db-96.nelson.com	0e04c8c6-7a21-4004-8fbc-9f29dc513f77	16.879471534879276	{'m1': 4185, 'm2': 3913, 'm3': 4601, 'm4': 7623, 'm5': 420, 'm6': 4400}
7.64	2020-03-30 13:47:44.175784	web-11.dean-arellano.com	26ea218d-67e7-4a1f-841e-f79a7ae1722f	69.43512570441523	{'m1': 8827, 'm2': 3570, 'm3': 8460, 'm4': 6916, 'm5': 4876, 'm6': 6250}
7.64	2020-03-30 13:47:44.175812	web-03.carter-blackwell.com	b2b25e43-4690-488a-9643-0a0674c5e7bd	29.502936807545453	{'m1': 2163, 'm2': 368, 'm3': 6916, 'm4': 5170, 'm5': 8480, 'm6': 1250}
7.64	2020-03-30 13:47:44.175844	desktop-32.king.net	4429f65e-754e-4241-a028-15331fb30770	99.20289696771246	{'m1': 8320, 'm2': 4784, 'm3': 940, 'm4': 7347, 'm5': 5665, 'm6': 6300}
7.64	2020-03-30 13:47:44.175874	email-57.johnson-frey.biz	8b6edcd9-42b0-447f-9737-60662e504eb1	68.88231974346957	{'m1': 306, 'm2': 1919, 'm3': 2376, 'm4': 9858, 'm5': 5820, 'm6': 1100}
7.64	2020-03-30 13:47:44.175903	srv-65.phelps-hunt.com	ad61f0a1-9b41-4409-9029-d1471dc8b361	52.70677422125347	{'m1': 9118, 'm2': 1710, 'm3': 2304, 'm4': 8080, 'm5': 8600, 'm6': 5600}
7.64	2020-03-30 13:47:44.175931	lt-26.ramos.com	563a7a45-f57c-4a02-b192-60e3fdcac450	15.758055682961245	{'m1': 9200, 'm2': 7790, 'm3': 6732, 'm4': 1140, 'm5': 856, 'm6': 8700}
7.64	2020-03-30 13:47:44.175955	email-75.smith.com	0046c46b-429b-4c5d-9986-5f25762e8dee	52.501118901821606	{'m1': 3800, 'm2': 4455, 'm3': 3430, 'm4': 2970, 'm5': 744, 'm6': 4250}
7.64	2020-03-30 13:47:44.175987	srv-19.smith.info	544c5c9c-674e-49c4-8648-e1ea2a36add5	69.0126914442925	{'m1': 4770, 'm2': 4784, 'm3': 2461, 'm4': 2304, 'm5': 303, 'm6': 4550}
7.64	2020-03-30 13:47:44.176015	email-17.nelson-cook.com	36fe95e2-f2d3-4af5-8918-979668399bbe	57.17994064310004	{'m1': 1030, 'm2': 1455, 'm3': 8505, 'm4': 8526, 'm5': 9292, 'm6': 1250}
7.64	2020-03-30 13:47:44.176044	db-48.bailey-bautista.com	516d924f-00ee-40b2-9d74-1c9c59f12917	76.59340732790103	{'m1': 6099, 'm2': 4346, 'm3': 936, 'm4': 4738, 'm5': 6656, 'm6': 4900}
7.64	2020-03-30 13:47:44.176067	srv-62.campos.com	dfb2cf01-d329-433d-8902-8ffa0d1c66e5	20.101274556871108	{'m1': 212, 'm2': 9504, 'm3': 8366, 'm4': 4708, 'm5': 5800, 'm6': 5050}
7.64	2020-03-30 13:47:44.176096	desktop-73.cruz.net	e90354d0-b186-440d-b92d-635207b60bdf	70.17159842094657	{'m1': 7735, 'm2': 7245, 'm3': 9064, 'm4': 7373, 'm5': 96, 'm6': 7700}
7.64	2020-03-30 13:47:44.176167	lt-85.phillips-allison.org	01f04577-58cc-4790-97be-a088c9c55443	79.1062350199921	{'m1': 7275, 'm2': 104, 'm3': 2163, 'm4': 5457, 'm5': 3552, 'm6': 3800}
7.64	2020-03-30 13:47:44.176196	db-91.tran.com	66238f83-ab80-4c6b-8ca8-f2909258ebc8	56.39810493432741	{'m1': 2496, 'm2': 3131, 'm3': 2100, 'm4': 7107, 'm5': 4545, 'm6': 2850}
7.64	2020-03-30 13:47:44.176220	web-04.heath.biz	1cc2b302-2c2c-4abe-9d4b-78856e1a1c4c	75.56589228462143	{'m1': 8820, 'm2': 4173, 'm3': 5508, 'm4': 186, 'm5': 920, 'm6': 6450}
7.64	2020-03-30 13:47:44.176248	desktop-89.santana.biz	68588571-fe26-4055-a6f9-34cf7d722862	15.35739363686454	{'m1': 8008, 'm2': 3168, 'm3': 2033, 'm4': 1980, 'm5': 8484, 'm6': 5500}
7.64	2020-03-30 13:47:44.176273	email-52.gillespie.com	2868555e-62ae-4c11-9293-81835d8162fc	13.046728896342087	{'m1': 2496, 'm2': 1938, 'm3': 8514, 'm4': 5612, 'm5': 7189, 'm6': 2150}
7.64	2020-03-30 13:47:44.176298	email-22.middleton-guzman.biz	a74d32e9-c45a-4c88-808f-c22a13ca733a	25.854602229289853	{'m1': 594, 'm2': 9118, 'm3': 6868, 'm4': 3468, 'm5': 6344, 'm6': 5000}
7.64	2020-03-30 13:47:44.176326	lt-68.stevens.com	0a4c1e7d-bfab-4439-af9b-efc30c346f62	70.84174287778299	{'m1': 8649, 'm2': 3300, 'm3': 8526, 'm4': 8700, 'm5': 2139, 'm6': 6300}
7.64	2020-03-30 13:47:44.176355	db-41.fisher.com	1d7e628f-4462-44cd-93a8-c3d2bf84fd25	72.19996690683817	{'m1': 4080, 'm2': 8272, 'm3': 7760, 'm4': 4700, 'm5': 8613, 'm6': 6400}
7.64	2020-03-30 13:47:44.176385	desktop-46.lynch.com	023cca70-6613-42fe-890c-dca20c9f6499	92.75148342288159	{'m1': 3731, 'm2': 5076, 'm3': 9870, 'm4': 5508, 'm5': 808, 'm6': 4750}
7.64	2020-03-30 13:47:44.176414	web-78.jones.org	b8927c4a-6496-4c44-ab81-c5adfbb03777	78.47387912429197	{'m1': 7300, 'm2': 8099, 'm3': 96, 'm4': 3502, 'm5': 4747, 'm6': 8100}
7.64	2020-03-30 13:47:44.176438	laptop-14.medina-marsh.org	f2d36017-e9f8-4a2c-abd5-3720b496fbff	86.04338314230765	{'m1': 816, 'm2': 6300, 'm3': 3162, 'm4': 5551, 'm5': 309, 'm6': 3400}
7.64	2020-03-30 13:47:44.176467	laptop-09.acosta.org	7f2aebcc-5e23-4266-84ce-7c88bbe4bd6b	18.712500848172226	{'m1': 7826, 'm2': 9030, 'm3': 9090, 'm4': 6240, 'm5': 7400, 'm6': 8600}
7.64	2020-03-30 13:47:44.176497	srv-54.thompson-lewis.com	ac2c835f-2200-4c9f-b22c-45d126e4dcdf	68.56644328625202	{'m1': 3333, 'm2': 5520, 'm3': 8874, 'm4': 4708, 'm5': 9180, 'm6': 4650}
7.64	2020-03-30 13:47:44.176520	db-79.baird.net	a1f71e28-b1d1-4f36-9294-d0f77c4a3745	44.93142260685229	{'m1': 7992, 'm2': 5724, 'm3': 1188, 'm4': 7956, 'm5': 7704, 'm6': 6400}
7.64	2020-03-30 13:47:44.176543	web-82.beltran-kelly.com	c6ea0a31-4998-4348-ad92-cd0a7559914f	100.31357027671352	{'m1': 6222, 'm2': 7622, 'm3': 5760, 'm4': 1900, 'm5': 1116, 'm6': 6750}
7.64	2020-03-30 13:47:44.176566	srv-95.schmidt.com	d0050459-af57-49a5-83ea-47410b4344af	43.66700590632858	{'m1': 9215, 'm2': 9384, 'm3': 6566, 'm4': 9579, 'm5': 5820, 'm6': 9450}
7.64	2020-03-30 13:47:44.176590	srv-99.mcdonald-morris.biz	618c1674-d0fa-4b6e-ac50-e35486d23334	16.003690357036238	{'m1': 315, 'm2': 6072, 'm3': 4116, 'm4': 1414, 'm5': 1940, 'm6': 3450}
7.64	2020-03-30 13:47:44.176615	laptop-80.ware.com	766e96f9-e443-4dec-b821-3494de22a667	86.8061290837889	{'m1': 9215, 'm2': 2538, 'm3': 4320, 'm4': 6048, 'm5': 2156, 'm6': 6200}
7.64	2020-03-30 13:47:44.176644	db-01.smith-dennis.info	956c80f6-e5dd-4163-9386-1bf1ebc4905f	47.15968551406655	{'m1': 735, 'm2': 3744, 'm3': 1272, 'm4': 6696, 'm5': 3636, 'm6': 2150}
7.64	2020-03-30 13:47:44.176666	laptop-70.phillips-white.com	12dbcb60-0258-48a3-be5e-79d528a27ec0	41.11278547223712	{'m1': 1296, 'm2': 760, 'm3': 10094, 'm4': 8118, 'm5': 2639, 'm6': 1000}
7.64	2020-03-30 13:47:44.176691	db-62.bell-ayers.com	24ebd875-7eb5-48d4-b93b-19e71661096d	64.7671100642522	{'m1': 4725, 'm2': 6633, 'm3': 3604, 'm4': 7920, 'm5': 5244, 'm6': 5600}
7.64	2020-03-30 13:47:44.176719	srv-19.watts.com	53951e96-645c-41f5-9705-6c7f4cc94eb9	17.12342678574037	{'m1': 9984, 'm2': 91, 'm3': 8881, 'm4': 5200, 'm5': 644, 'm6': 4850}
7.64	2020-03-30 13:47:44.176742	desktop-26.williams.com	ef08835f-b0c8-4e47-b76a-9a50a6735406	91.47498986956704	{'m1': 4700, 'm2': 3572, 'm3': 7384, 'm4': 6890, 'm5': 9506, 'm6': 4250}
7.64	2020-03-30 13:47:44.176765	db-28.gonzalez-ortiz.com	c5282af5-c718-4a27-9e89-31068c2dcb8c	96.7127246161355	{'m1': 1395, 'm2': 8464, 'm3': 5665, 'm4': 2626, 'm5': 6000, 'm6': 5350}
7.64	2020-03-30 13:47:44.176789	desktop-01.fox.com	81af1ad2-a423-4fa9-be76-405f9764f526	88.46365318191114	{'m1': 9025, 'm2': 6693, 'm3': 5922, 'm4': 8736, 'm5': 3885, 'm6': 8200}
7.64	2020-03-30 13:47:44.176813	desktop-53.butler.com	d14eb7a1-6003-4cf7-ab52-d5a6bee7ceac	71.32181441413368	{'m1': 2162, 'm2': 6900, 'm3': 2185, 'm4': 8944, 'm5': 101, 'm6': 4600}
7.64	2020-03-30 13:47:44.176837	lt-02.schmidt.com	f5ce0fd2-6aad-4568-a3de-0ab7edaadde0	66.9235057300958	{'m1': 5141, 'm2': 9373, 'm3': 4508, 'm4': 2156, 'm5': 7738, 'm6': 7200}
7.64	2020-03-30 13:47:44.176861	lt-75.day.com	bc3636e6-e99c-4977-974d-802585fd3cbe	94.98851230272186	{'m1': 5029, 'm2': 679, 'm3': 6732, 'm4': 2046, 'm5': 10088, 'm6': 2700}
7.64	2020-03-30 13:47:44.176892	email-26.brooks-spencer.com	427daab9-1d6e-4e7e-bed3-97e517d5197a	51.829976031006076	{'m1': 3478, 'm2': 2889, 'm3': 3720, 'm4': 9792, 'm5': 6860, 'm6': 3200}
7.64	2020-03-30 13:47:44.176920	lt-71.hensley.com	4c054758-f409-4349-a98b-22e39d247af7	52.868582690621835	{'m1': 8446, 'm2': 4472, 'm3': 5253, 'm4': 1530, 'm5': 3600, 'm6': 6250}
7.64	2020-03-30 13:47:44.176948	desktop-92.huynh.com	36912e5c-0853-4188-b0e8-ec93382d657b	93.6508761643223	{'m1': 5115, 'm2': 5500, 'm3': 5005, 'm4': 3234, 'm5': 8080, 'm6': 5500}
7.64	2020-03-30 13:47:44.176976	lt-84.jones.com	15275bc5-b93f-49db-b194-cdac32ff96ff	74.66444905045948	{'m1': 7854, 'm2': 3686, 'm3': 1380, 'm4': 1768, 'm5': 9312, 'm6': 5750}
7.64	2020-03-30 13:47:44.177000	srv-69.watts.com	b7dd283b-4fdf-4930-a25e-ee591354df6d	63.418923002263284	{'m1': 5900, 'm2': 7004, 'm3': 2120, 'm4': 8272, 'm5': 5353, 'm6': 6350}
7.64	2020-03-30 13:47:44.177029	desktop-45.dixon.com	99063890-a1a5-4929-9bbf-9dc210eb56b1	54.20719704836097	{'m1': 1908, 'm2': 279, 'm3': 3724, 'm4': 3900, 'm5': 2730, 'm6': 1050}
7.64	2020-03-30 13:47:44.177054	srv-90.walker.com	b2cb51dc-0d19-4c88-9115-4cf2ba1eac68	42.8787143449165	{'m1': 2800, 'm2': 400, 'm3': 6466, 'm4': 107, 'm5': 8755, 'm6': 1600}
7.64	2020-03-30 13:47:44.177079	email-82.davis.net	412b4006-8fd7-40fc-8a08-223320a5d344	11.78889216725402	{'m1': 816, 'm2': 2565, 'm3': 1500, 'm4': 7296, 'm5': 1515, 'm6': 1750}
7.64	2020-03-30 13:47:44.177102	srv-16.wright-ruiz.com	4786a25b-61bd-42d8-b099-c135f307f72d	52.48292142582914	{'m1': 8500, 'm2': 8586, 'm3': 8736, 'm4': 8200, 'm5': 2626, 'm6': 8300}
7.64	2020-03-30 13:47:44.177126	web-72.jones.info	8bd8619c-5fd7-4087-87bf-1aa74d0ff84c	41.56819443222365	{'m1': 5060, 'm2': 4576, 'm3': 3822, 'm4': 7313, 'm5': 3744, 'm6': 4950}
7.64	2020-03-30 13:47:44.177154	lt-10.buck.com	d49aa9a1-3928-4fa0-8bd7-aa17d6d93cba	54.59155880618841	{'m1': 3384, 'm2': 1728, 'm3': 7900, 'm4': 10094, 'm5': 428, 'm6': 2700}
7.64	2020-03-30 13:47:44.177178	desktop-88.cooper-james.com	8e04d735-3eea-4cdd-af10-cadb0e17cc7d	26.33201469114825	{'m1': 9999, 'm2': 3666, 'm3': 7050, 'm4': 2828, 'm5': 8342, 'm6': 6900}
7.64	2020-03-30 13:47:44.177202	db-56.marshall.info	8e2ce7e5-3cb9-4cf4-a64b-5c38a4ee6c5d	16.071340397955638	{'m1': 4324, 'm2': 8827, 'm3': 7920, 'm4': 1400, 'm5': 5394, 'm6': 7150}
7.64	2020-03-30 13:47:44.177227	web-54.ryan-matthews.com	c7243614-6086-4870-a295-9086ce66c080	84.42056910455344	{'m1': 8670, 'm2': 3528, 'm3': 2116, 'm4': 376, 'm5': 9801, 'm6': 6050}
7.64	2020-03-30 13:47:44.177250	db-57.fisher-morris.com	1ce8d0d9-5e82-4449-ba1d-3aa8f9d8cc6c	98.92616084419464	{'m1': 840, 'm2': 1504, 'm3': 624, 'm4': 7725, 'm5': 10058, 'm6': 1200}
7.64	2020-03-30 13:47:44.177273	db-73.jones.info	bed25860-0c3d-4d43-801f-90ce0fa87b78	81.55248091995148	{'m1': 4300, 'm2': 7392, 'm3': 7584, 'm4': 1339, 'm5': 7020, 'm6': 6000}
7.64	2020-03-30 13:47:44.177296	laptop-62.clark.com	15f258fb-ac98-4f14-b6f1-59e1c16cae57	46.10830748810824	{'m1': 8568, 'm2': 9095, 'm3': 1391, 'm4': 930, 'm5': 8056, 'm6': 8450}
7.64	2020-03-30 13:47:44.177323	email-41.curtis-mclaughlin.com	35bdd1c0-d4e8-4f28-b020-d9d1acd142cc	36.27647587051551	{'m1': 6634, 'm2': 832, 'm3': 8549, 'm4': 5408, 'm5': 8188, 'm6': 3500}
7.64	2020-03-30 13:47:44.177377	lt-04.galvan-guzman.info	afb3314c-9d1b-4afe-842d-c2d9bb034a8f	28.416696762835173	{'m1': 8928, 'm2': 2037, 'm3': 8600, 'm4': 4278, 'm5': 8265, 'm6': 5850}
7.64	2020-03-30 13:47:44.177406	laptop-35.rodgers.com	29ad7e5e-661d-4432-9346-ddf66ddf7909	67.17263562858835	{'m1': 808, 'm2': 2781, 'm3': 1212, 'm4': 7373, 'm5': 2205, 'm6': 1750}
7.64	2020-03-30 13:47:44.177431	db-94.atkins.com	9c379b5c-fd59-409a-894f-a9a0a5b9b8ec	20.563714841238152	{'m1': 846, 'm2': 7242, 'm3': 4784, 'm4': 4278, 'm5': 210, 'm6': 4000}
7.64	2020-03-30 13:47:44.177459	db-45.tran.com	659329f7-2d2e-4d55-850e-178fdd7a6c91	35.42880411814237	{'m1': 1012, 'm2': 7622, 'm3': 2544, 'm4': 8374, 'm5': 198, 'm6': 4250}
7.64	2020-03-30 13:47:44.177487	db-45.bates.com	0b367190-5ac9-4402-8dbb-8a291258deb8	62.23995895741839	{'m1': 9135, 'm2': 8645, 'm3': 4326, 'm4': 4278, 'm5': 5472, 'm6': 8900}
7.64	2020-03-30 13:47:44.177511	email-92.long-larson.com	a536f9e0-57f9-47f0-8fb6-486cd9b6827a	18.436378124699733	{'m1': 6695, 'm2': 8372, 'm3': 5985, 'm4': 6256, 'm5': 5487, 'm6': 7850}
7.64	2020-03-30 13:47:44.177535	laptop-90.scott-gilbert.net	6df37f64-a7e2-459c-a293-468a0e633435	55.52228077500232	{'m1': 6798, 'm2': 3036, 'm3': 3610, 'm4': 6552, 'm5': 8835, 'm6': 4950}
7.64	2020-03-30 13:47:44.177564	email-22.johnson.com	de0bf7b1-2847-4167-831a-1f61fc08e740	24.07261227735249	{'m1': 7098, 'm2': 2862, 'm3': 2945, 'm4': 4140, 'm5': 8064, 'm6': 5250}
7.64	2020-03-30 13:47:44.177592	web-04.cain.biz	25d56c43-a0c8-4711-a744-39c5b07bf15f	10.735258173065407	{'m1': 9604, 'm2': 1974, 'm3': 5565, 'm4': 7931, 'm5': 6204, 'm6': 5950}
7.64	2020-03-30 13:47:44.177622	lt-67.smith-haney.org	53e3537e-a2ca-42be-bfb8-94fe68b44516	61.299792346399855	{'m1': 19740, 'm2': 10200, 'm3': 19200, 'm4': 1944, 'm5': 2000, 'm6': 51}
7.64	2020-03-30 13:47:44.177716	db-47.barnes.com	7f1c7d90-a186-4ff9-8fc7-8be918b0e6ec	29.605368397866883	{'m1': 9095, 'm2': 9025, 'm3': 5253, 'm4': 515, 'm5': 990, 'm6': 9000}
7.64	2020-03-30 13:47:44.177747	lt-13.carlson.com	cb3a6c1b-1667-4fe6-be87-df25cdd90b38	65.76987309072247	{'m1': 3876, 'm2': 10185, 'm3': 784, 'm4': 5301, 'm5': 9408, 'm6': 6750}
7.64	2020-03-30 13:47:44.177776	desktop-91.osborne-klein.com	1ae4ecad-4a28-43b1-923f-56b911ab6dd7	47.742012761931235	{'m1': 6624, 'm2': 6596, 'm3': 204, 'm4': 6360, 'm5': 3552, 'm6': 6850}
7.64	2020-03-30 13:47:44.177801	srv-99.scott-moss.net	76d09316-68e9-4e27-bfd6-0299f044e841	70.53099510278162	{'m1': 2625, 'm2': 7844, 'm3': 3298, 'm4': 4400, 'm5': 7800, 'm6': 4950}
7.64	2020-03-30 13:47:44.177831	desktop-28.mack-garcia.com	8febbcbf-3080-4b4b-928c-1650df62f8e5	20.111509862336952	{'m1': 1128, 'm2': 6634, 'm3': 3848, 'm4': 1414, 'm5': 1638, 'm6': 3700}
7.64	2020-03-30 13:47:44.177860	web-73.baker-carney.com	4bd408da-64c5-476d-9cac-745d224a25ff	15.469533050776747	{'m1': 2375, 'm2': 3838, 'm3': 5335, 'm4': 2448, 'm5': 6175, 'm6': 3150}
7.64	2020-03-30 13:47:44.177888	email-40.hopkins-smith.com	8f7028eb-06b3-4e9e-a9aa-934841ed3106	56.398891652561886	{'m1': 4590, 'm2': 9405, 'm3': 3434, 'm4': 3760, 'm5': 5671, 'm6': 7200}
7.64	2020-03-30 13:47:44.177912	lt-28.fowler.com	347505b2-b2e8-4696-869e-03804a4b491e	77.59372177829812	{'m1': 7208, 'm2': 1470, 'm3': 1919, 'm4': 7708, 'm5': 8820, 'm6': 4100}
7.64	2020-03-30 13:47:44.177939	srv-14.weber-merritt.com	6bbad117-5a67-42f1-b7fb-09212259be8c	87.19801151625677	{'m1': 6804, 'm2': 9024, 'm3': 8320, 'm4': 9300, 'm5': 7636, 'm6': 7850}
7.64	2020-03-30 13:47:44.177967	desktop-78.patterson-padilla.org	b07ee23b-2239-4221-9f39-cfd748560292	24.815212067628163	{'m1': 2231, 'm2': 6032, 'm3': 6110, 'm4': 3286, 'm5': 4606, 'm6': 4050}
7.64	2020-03-30 13:47:44.177998	laptop-20.schneider.com	c9aab63b-73fa-4dce-aa20-c26d031a728f	87.69304672564454	{'m1': 1414, 'm2': 2424, 'm3': 9288, 'm4': 3724, 'm5': 3135, 'm6': 1900}
7.64	2020-03-30 13:47:44.178022	email-50.bennett-mccarty.org	1ee85e1b-4e31-4869-9800-d9929c5721d2	59.315733385584934	{'m1': 5194, 'm2': 6890, 'm3': 1632, 'm4': 1236, 'm5': 1224, 'm6': 5700}
7.64	2020-03-30 13:47:44.178049	desktop-13.chase-salazar.org	67c3d798-e3d5-4375-9a08-278e431ee7ed	60.74299897204121	{'m1': 1092, 'm2': 2369, 'm3': 8320, 'm4': 428, 'm5': 6825, 'm6': 1750}
7.64	2020-03-30 13:47:44.178078	db-92.carpenter-berry.biz	196ad33a-51e4-4fe5-a7b0-820502676d42	56.24235816526452	{'m1': 1284, 'm2': 6336, 'm3': 2704, 'm4': 7663, 'm5': 1680, 'm6': 3800}
7.64	2020-03-30 13:47:44.178101	db-14.jimenez.info	ee56ebb0-d5d5-4fd1-85d0-b33b6fa597e7	56.521501090890354	{'m1': 4257, 'm2': 3332, 'm3': 5734, 'm4': 2744, 'm5': 7735, 'm6': 3850}
7.64	2020-03-30 13:47:44.178125	srv-86.davenport.com	9864d148-afa4-41b2-8b4d-cb0b8a7b9914	12.99508213762442	{'m1': 2033, 'm2': 9108, 'm3': 303, 'm4': 4080, 'm5': 5406, 'm6': 5550}
7.64	2020-03-30 13:47:44.178153	db-02.gallegos-johnson.biz	41e7cde0-5592-460a-b72d-a7ca44b9f3a8	83.90798272448514	{'m1': 1111, 'm2': 2376, 'm3': 2496, 'm4': 4048, 'm5': 7254, 'm6': 1650}
7.64	2020-03-30 13:47:44.178178	laptop-74.alexander-gordon.com	512ae5c9-92b8-47e4-8555-84fb3f03ba19	79.27818024913493	{'m1': 8904, 'm2': 612, 'm3': 5141, 'm4': 679, 'm5': 910, 'm6': 4500}
7.64	2020-03-30 13:47:44.178206	db-61.schmidt-martinez.com	aff9b6d8-eb23-4462-aee7-06ade28e27cb	75.00973161677078	{'m1': 8372, 'm2': 4356, 'm3': 3626, 'm4': 1632, 'm5': 7560, 'm6': 6800}
7.64	2020-03-30 13:47:44.178234	lt-49.skinner.com	f3a65edb-89e8-48c8-8420-bd23e8fcbac4	60.13999100245896	{'m1': 9345, 'm2': 819, 'm3': 6099, 'm4': 8239, 'm5': 2205, 'm6': 4900}
7.64	2020-03-30 13:47:44.178258	web-96.curry.com	88ea0923-1404-4139-add0-d6b12419c822	41.02131372142101	{'m1': 8118, 'm2': 6466, 'm3': 1352, 'm4': 3864, 'm5': 8137, 'm6': 7150}
7.64	2020-03-30 13:47:44.178281	db-23.lyons.com	2dd645b4-69e9-4742-a342-a9d1cc2bf31b	78.27831944501818	{'m1': 9064, 'm2': 3333, 'm3': 2002, 'm4': 3131, 'm5': 7770, 'm6': 6050}
7.64	2020-03-30 13:47:44.178309	email-39.johnson.biz	08e0611c-52db-4559-b314-b1321cd07f58	65.66391909765493	{'m1': 6435, 'm2': 8827, 'm3': 6256, 'm4': 4708, 'm5': 728, 'm6': 7800}
7.64	2020-03-30 13:47:44.178333	srv-93.jordan.info	5b79a9d4-8053-4acb-945f-78f5ad232c4b	62.30250847521671	{'m1': 2256, 'm2': 6862, 'm3': 6664, 'm4': 1802, 'm5': 206, 'm6': 4850}
7.64	2020-03-30 13:47:44.178356	email-25.schultz.com	d7146458-23af-4b0a-be4f-4c116744aafd	39.17989572712693	{'m1': 7144, 'm2': 4428, 'm3': 8736, 'm4': 1470, 'm5': 5472, 'm6': 5850}
7.64	2020-03-30 13:47:44.178384	web-43.skinner.com	bc2e5f1d-cdd8-4a75-99d2-f73220711804	36.28034748331495	{'m1': 6460, 'm2': 4410, 'm3': 1010, 'm4': 1649, 'm5': 4343, 'm6': 5650}
7.64	2020-03-30 13:47:44.178413	web-21.soto-kelly.com	fe3aa44a-9bfe-411c-a41f-3388ebe5dcf5	13.445137369223026	{'m1': 9222, 'm2': 2730, 'm3': 2604, 'm4': 5856, 'm5': 9292, 'm6': 5850}
7.64	2020-03-30 13:47:44.178438	laptop-03.hoffman.com	dcc61d1c-3c90-4a42-86fb-b1836556c0ce	56.58003285318057	{'m1': 5252, 'm2': 4968, 'm3': 2652, 'm4': 1498, 'm5': 99, 'm6': 4900}
7.64	2020-03-30 13:47:44.178463	db-57.ross.biz	9cf63d80-2d2a-42be-8ff7-bb38ded7366a	20.97010106131687	{'m1': 4557, 'm2': 2156, 'm3': 7236, 'm4': 1498, 'm5': 4743, 'm6': 3550}
7.64	2020-03-30 13:47:44.178488	srv-50.guerra.com	b22f8480-e0c8-410a-b74e-ae2bdcb1a59b	38.82741428498924	{'m1': 1498, 'm2': 9180, 'm3': 9672, 'm4': 6798, 'm5': 6887, 'm6': 5200}
7.64	2020-03-30 13:47:44.178513	srv-90.vargas.com	2adaffa0-6184-43a1-8ed0-5e1043605cc4	14.425922855879719	{'m1': 2500, 'm2': 5510, 'm3': 8343, 'm4': 9700, 'm5': 6996, 'm6': 4150}
7.64	2020-03-30 13:47:44.178537	db-68.hall.org	765481ef-f13a-4c7b-b2e6-b85739136011	27.263847003521747	{'m1': 4242, 'm2': 6700, 'm3': 564, 'm4': 3780, 'm5': 7238, 'm6': 5450}
7.64	2020-03-30 13:47:44.178560	db-66.ortiz.com	767c3e07-e479-4543-84d2-efe6eac26700	92.16823571434436	{'m1': 6348, 'm2': 4346, 'm3': 4590, 'm4': 891, 'm5': 6912, 'm6': 5500}
7.64	2020-03-30 13:47:44.178584	laptop-96.soto.biz	52a15850-e0c1-4c71-83d3-a05568cf32a0	51.72958330704725	{'m1': 8000, 'm2': 3876, 'm3': 9828, 'm4': 309, 'm5': 1957, 'm6': 5900}
7.64	2020-03-30 13:47:44.178607	srv-83.allen.com	dc61a729-fb25-4bc1-96fa-fc3e35b518db	69.51764401309262	{'m1': 5992, 'm2': 96, 'm3': 7546, 'm4': 7176, 'm5': 5292, 'm6': 2850}
7.64	2020-03-30 13:47:44.178652	web-89.underwood.info	14d3b68c-a5b0-4167-8d5c-091a5073750a	28.812774687944565	{'m1': 6500, 'm2': 8064, 'm3': 7102, 'm4': 5358, 'm5': 6460, 'm6': 7450}
7.64	2020-03-30 13:47:44.178679	desktop-49.taylor-garza.net	68e86cfb-8a77-42eb-beca-26ecdbc434ac	57.00205698309181	{'m1': 475, 'm2': 9010, 'm3': 2288, 'm4': 6400, 'm5': 1785, 'm6': 4500}
7.64	2020-03-30 13:47:44.178703	srv-92.steele.com	b91d46cd-355a-4bc8-8730-103a2d5d6777	88.23080975973889	{'m1': 5916, 'm2': 5814, 'm3': 3441, 'm4': 2548, 'm5': 1196, 'm6': 5750}
7.64	2020-03-30 13:47:44.178731	email-44.carroll.com	b5552d38-4e0d-4d2f-bb12-e6f28e8d2fe5	54.84204569456069	{'m1': 8742, 'm2': 2080, 'm3': 7176, 'm4': 3936, 'm5': 2880, 'm6': 5650}
7.64	2020-03-30 13:47:44.178759	email-34.brown.org	fffa82fd-169b-469c-ac7f-8bed05906480	48.32934269269844	{'m1': 6930, 'm2': 8463, 'm3': 7520, 'm4': 3838, 'm5': 2400, 'm6': 8050}
7.64	2020-03-30 13:47:44.178783	laptop-08.jones.net	34c5e5b3-7fc4-435d-b376-c6aa3b46e7f7	40.603164774273246	{'m1': 8858, 'm2': 5428, 'm3': 10282, 'm4': 282, 'm5': 2325, 'm6': 7250}
7.64	2020-03-30 13:47:44.178806	db-74.ross.com	a9436087-ee0d-432e-a61e-afe34106f2df	24.37301995452195	{'m1': 2300, 'm2': 5472, 'm3': 7623, 'm4': 8742, 'm5': 1212, 'm6': 4100}
7.64	2020-03-30 13:47:44.178834	srv-76.brown.com	f8c8636e-0f73-42bd-bcb8-12c4c78272d4	61.32959179935587	{'m1': 5605, 'm2': 4836, 'm3': 8463, 'm4': 8670, 'm5': 3060, 'm6': 5550}
7.64	2020-03-30 13:47:44.178857	laptop-16.coleman-monroe.com	7875b54f-2775-4589-bc70-a18e161df16b	42.63126675942861	{'m1': 5616, 'm2': 5150, 'm3': 3360, 'm4': 2880, 'm5': 7811, 'm6': 5200}
7.64	2020-03-30 13:47:44.178880	desktop-55.burke.com	5ce5f295-113f-4518-95b7-61900b351f46	30.897810937404028	{'m1': 5029, 'm2': 8613, 'm3': 7300, 'm4': 3636, 'm5': 4186, 'm6': 6700}
7.64	2020-03-30 13:47:44.178904	email-17.daniel.com	c735ec1d-7dd7-4523-bfb7-f1c3cfac793b	15.144400021225522	{'m1': 7722, 'm2': 9506, 'm3': 8827, 'm4': 3298, 'm5': 2184, 'm6': 8800}
7.64	2020-03-30 13:47:44.178927	desktop-46.berry.com	b2b42a32-79be-4cfa-a1c2-f15a2f713262	20.610007118189984	{'m1': 6580, 'm2': 6603, 'm3': 7125, 'm4': 2574, 'm5': 4708, 'm6': 7050}
7.64	2020-03-30 13:47:44.178950	email-02.schmidt.com	94497808-0c74-4f3d-85d9-a89d3649f873	90.29201941191774	{'m1': 8342, 'm2': 6365, 'm3': 4128, 'm4': 5795, 'm5': 7900, 'm6': 7650}
7.64	2020-03-30 13:47:44.178973	laptop-80.torres-king.biz	77481505-7bdc-4826-9b33-986f8e462fae	74.87514911272211	{'m1': 1070, 'm2': 2231, 'm3': 752, 'm4': 5871, 'm5': 6784, 'm6': 1650}
7.64	2020-03-30 13:47:44.178997	email-49.dominguez.org	b2c4fdcd-0814-468e-8dd6-d5fdcf32465e	63.31293533713212	{'m1': 2000, 'm2': 6528, 'm3': 6510, 'm4': 8453, 'm5': 5400, 'm6': 4400}
7.64	2020-03-30 13:47:44.179027	lt-79.lee-blankenship.com	00bae13c-c5b6-4bfe-93b4-683d14d20715	98.18456698589905	{'m1': 5940, 'm2': 4280, 'm3': 564, 'm4': 3210, 'm5': 5194, 'm6': 5000}
7.64	2020-03-30 13:47:44.179054	laptop-29.bowen.org	67d53e3b-3b97-4a03-9d31-5f7eb1a1ab35	40.10037336804915	{'m1': 214, 'm2': 5959, 'm3': 101, 'm4': 99, 'm5': 10388, 'm6': 3050}
7.64	2020-03-30 13:47:44.179078	lt-54.escobar.biz	9f442a26-5beb-4145-b59c-1fbdeef518be	68.61778435126186	{'m1': 8888, 'm2': 8832, 'm3': 8774, 'm4': 372, 'm5': 1926, 'm6': 9000}
7.64	2020-03-30 13:47:44.179107	srv-02.williams-jones.net	7e3e54aa-00a0-4303-82d9-4215f9af38d7	88.5435972570655	{'m1': 3276, 'm2': 1010, 'm3': 6048, 'm4': 4042, 'm5': 7400, 'm6': 2300}
7.64	2020-03-30 13:47:44.179131	desktop-73.jones.com	ffaa9cc0-4f27-472f-a282-540e7f156466	32.15327626422771	{'m1': 1498, 'm2': 4066, 'm3': 1729, 'm4': 5304, 'm5': 6848, 'm6': 2600}
7.64	2020-03-30 13:47:44.179158	db-99.williams.com	72002ee6-f71d-44f5-bb42-a3fdbb2ad75b	66.59417591763258	{'m1': 1545, 'm2': 9312, 'm3': 5796, 'm4': 1710, 'm5': 3672, 'm6': 5550}
7.64	2020-03-30 13:47:44.179184	email-22.glover-leon.biz	5d3a9bda-6d2e-41c4-aa83-a9ddb024a99b	59.82327559332485	{'m1': 6272, 'm2': 5712, 'm3': 3920, 'm4': 3135, 'm5': 6240, 'm6': 6000}
7.64	2020-03-30 13:47:44.179208	email-13.mullen.biz	46d454eb-9f8e-456b-9104-c51d35009b8c	65.16749222173482	{'m1': 1734, 'm2': 1133, 'm3': 3267, 'm4': 4134, 'm5': 1410, 'm6': 1400}
7.64	2020-03-30 13:47:44.179231	web-38.johnson.com	946525f0-43d3-41ac-9354-472f488f042a	97.92051828860296	{'m1': 8925, 'm2': 7004, 'm3': 6572, 'm4': 9016, 'm5': 6018, 'm6': 7650}
7.64	2020-03-30 13:47:44.179259	laptop-95.proctor.com	e34820ba-0af0-4a33-b834-a521d36cb218	55.41478200001328	{'m1': 5358, 'm2': 1470, 'm3': 3515, 'm4': 2046, 'm5': 1824, 'm6': 3550}
7.64	2020-03-30 13:47:44.179282	email-05.jordan.com	14e3a615-a18c-42c0-bb4d-5d0672b0954a	85.17065416022393	{'m1': 5088, 'm2': 3570, 'm3': 1498, 'm4': 6552, 'm5': 9450, 'm6': 4100}
7.64	2020-03-30 13:47:44.179310	laptop-73.snyder.com	ebc99a10-c0f2-4855-a511-0c9a55d5ffd7	25.66795578523184	{'m1': 3264, 'm2': 651, 'm3': 8692, 'm4': 9486, 'm5': 8316, 'm6': 1950}
7.64	2020-03-30 13:47:44.179339	srv-46.fisher.info	95b38fb1-edf9-4e74-b3fe-72c20fd85e71	84.47868176936008	{'m1': 3090, 'm2': 3848, 'm3': 9396, 'm4': 1485, 'm5': 96, 'm6': 3350}
7.64	2020-03-30 13:47:44.179366	web-27.patton-thomas.biz	cf951bd9-df92-487e-8c36-b62506010e2e	96.10104156786691	{'m1': 2756, 'm2': 91, 'm3': 7020, 'm4': 8610, 'm5': 9118, 'm6': 1350}
7.64	2020-03-30 13:47:44.179395	desktop-31.mitchell.net	b071a7df-615e-41fb-a97c-ac37403e0510	34.52183030984865	{'m1': 8667, 'm2': 4017, 'm3': 8056, 'm4': 4429, 'm5': 214, 'm6': 6000}
7.64	2020-03-30 13:47:44.179417	srv-22.cummings.com	ba1eee54-8271-422a-b003-c2937ea47394	46.82210543450515	{'m1': 2470, 'm2': 2448, 'm3': 100, 'm4': 1632, 'm5': 9936, 'm6': 2500}
7.64	2020-03-30 13:47:44.179441	lt-41.stark-burnett.info	4b6dfd86-4595-4686-bccc-b40b9cb00686	60.5187565579163	{'m1': 1122, 'm2': 9009, 'm3': 9405, 'm4': 5985, 'm5': 1960, 'm6': 5100}
7.64	2020-03-30 13:47:44.179464	laptop-70.rush-diaz.biz	0d630180-ff07-4083-83f4-6f7f65fa0aa8	62.24711735197541	{'m1': 637, 'm2': 3604, 'm3': 2475, 'm4': 7426, 'm5': 5320, 'm6': 2050}
7.64	2020-03-30 13:47:44.179487	web-38.pratt.net	722370f2-4544-4382-adce-248d7234a6b2	38.09618360558232	{'m1': 6603, 'm2': 4300, 'm3': 7220, 'm4': 6100, 'm5': 8188, 'm6': 5700}
7.64	2020-03-30 13:47:44.179522	web-88.welch.net	3a19d2a2-71ef-485e-b05d-f16e81d7f3b8	55.63838836318856	{'m1': 5500, 'm2': 7632, 'm3': 3120, 'm4': 1920, 'm5': 8976, 'm6': 6350}
7.64	2020-03-30 13:47:44.179551	desktop-01.patton.com	96e10000-cdfe-430a-af07-d8d15fb15489	37.59050167806191	{'m1': 2375, 'm2': 282, 'm3': 2916, 'm4': 3430, 'm5': 3492, 'm6': 1400}
7.64	2020-03-30 13:47:44.179580	web-64.hayden-hayes.com	c58d1a7c-500f-44ed-8207-149e033a8a45	60.85544339893484	{'m1': 714, 'm2': 2116, 'm3': 1372, 'm4': 1530, 'm5': 3128, 'm6': 1500}
7.64	2020-03-30 13:47:44.179608	laptop-24.leach.net	772a2df7-6193-44d2-b60e-3b44a743bc27	66.85902587887189	{'m1': 6298, 'm2': 7811, 'm3': 644, 'm4': 5247, 'm5': 5858, 'm6': 7000}
7.64	2020-03-30 13:47:44.179636	email-44.wood.info	3bb04b2e-250d-4f2a-85b3-070298dff89b	96.91858022457224	{'m1': 4794, 'm2': 3296, 'm3': 279, 'm4': 2392, 'm5': 5900, 'm6': 4150}
7.64	2020-03-30 13:47:44.179659	email-29.strickland.com	eb29a120-1c62-4a55-9aaf-1509ed201731	53.171132959645306	{'m1': 4212, 'm2': 8162, 'm3': 5320, 'm4': 6090, 'm5': 5353, 'm6': 5800}
7.64	2020-03-30 13:47:44.179684	laptop-78.marsh.com	8eedfe71-ba72-4071-b50d-ba4efaeb01ef	11.194644064261393	{'m1': 1881, 'm2': 9120, 'm3': 9785, 'm4': 6912, 'm5': 4554, 'm6': 5750}
7.64	2020-03-30 13:47:44.179714	desktop-80.martin.com	a75e098f-cb58-4698-b9cb-a4a397f91154	20.973924868959713	{'m1': 2254, 'm2': 10296, 'm3': 3069, 'm4': 4732, 'm5': 8463, 'm6': 6100}
7.64	2020-03-30 13:47:44.179736	desktop-22.gentry-stephens.com	a62dae15-939a-4d0b-b572-7703aa758f1f	91.40197104189674	{'m1': 2976, 'm2': 3131, 'm3': 6090, 'm4': 3180, 'm5': 1248, 'm6': 3100}
7.64	2020-03-30 13:47:44.179760	web-23.harper.biz	6d4fccc2-eda4-43f7-a14d-9874661c3708	87.845276447961	{'m1': 6256, 'm2': 8000, 'm3': 5656, 'm4': 8712, 'm5': 1782, 'm6': 7400}
7.64	2020-03-30 13:47:44.179782	web-86.snyder-williams.com	4e1c4c10-5073-46e2-97e3-d368da421709	25.894761830659235	{'m1': 5940, 'm2': 9191, 'm3': 3193, 'm4': 3838, 'm5': 2444, 'm6': 7300}
7.64	2020-03-30 13:47:44.179829	email-28.richardson.com	23a5715e-d012-463e-9118-f3ca8e5a2590	84.25792764379747	{'m1': 2910, 'm2': 8025, 'm3': 3168, 'm4': 2632, 'm5': 3201, 'm6': 5250}
7.64	2020-03-30 13:47:44.179861	email-49.tran.com	18c556e4-010a-40f5-8483-a77f630ff8a6	82.07080471310513	{'m1': 7811, 'm2': 7100, 'm3': 5900, 'm4': 6231, 'm5': 1728, 'm6': 7200}
7.64	2020-03-30 13:47:44.179885	email-49.small-koch.com	0e19aa4d-92fb-43b4-a414-37f772c3a861	61.45840447995046	{'m1': 2678, 'm2': 7462, 'm3': 8730, 'm4': 6240, 'm5': 594, 'm6': 5400}
7.64	2020-03-30 13:47:44.179909	srv-06.brown.net	0832ff4f-911e-4aac-9b7c-c47492cff860	26.86069205149896	{'m1': 10197, 'm2': 8383, 'm3': 1012, 'm4': 3090, 'm5': 6936, 'm6': 9100}
7.64	2020-03-30 13:47:44.179932	laptop-82.mcintyre.com	a266edc7-34ca-4b7d-adc1-4d1477948063	61.18472537530386	{'m1': 2754, 'm2': 4554, 'm3': 4386, 'm4': 5618, 'm5': 7600, 'm6': 3650}
7.64	2020-03-30 13:47:44.179960	laptop-44.lee.org	c4ebb594-89eb-487c-af9c-1b1e7d23af83	96.43795514626537	{'m1': 3003, 'm2': 5551, 'm3': 910, 'm4': 2944, 'm5': 1782, 'm6': 4700}
7.64	2020-03-30 13:47:44.179989	email-80.walker.com	55b3d5fa-0d2a-46ef-9c31-a792f5de4741	67.95160345229218	{'m1': 9030, 'm2': 4752, 'm3': 3168, 'm4': 1536, 'm5': 9776, 'm6': 6700}
7.64	2020-03-30 13:47:44.180017	web-54.campbell.biz	5433fa6e-a1f4-4a33-baff-1ff5cbe7d39f	57.446695065735604	{'m1': 2678, 'm2': 4305, 'm3': 3895, 'm4': 8930, 'm5': 6188, 'm6': 3350}
7.64	2020-03-30 13:47:44.180041	web-28.benjamin-williams.com	3a28fc5c-3102-4b5a-9a98-502bad0959ac	14.887149557693663	{'m1': 7742, 'm2': 8190, 'm3': 6868, 'm4': 9118, 'm5': 1890, 'm6': 7850}
7.64	2020-03-30 13:47:44.180066	srv-76.cooper.com	82d75420-80c6-4232-88ad-62fc198266f5	75.1810122308685	{'m1': 7632, 'm2': 2304, 'm3': 4851, 'm4': 1488, 'm5': 3672, 'm6': 4800}
7.64	2020-03-30 13:47:44.180094	desktop-27.morrow-coleman.com	62f78007-426f-4aa1-befb-f96a55ff8cb6	97.82209910517572	{'m1': 5390, 'm2': 6580, 'm3': 4444, 'm4': 300, 'm5': 2226, 'm6': 6250}
7.64	2020-03-30 13:47:44.180119	lt-17.liu.net	781a1709-38ee-488b-a5df-4f56f44a66ef	15.925452747325869	{'m1': 7178, 'm2': 4066, 'm3': 9207, 'm4': 525, 'm5': 4134, 'm6': 5600}
7.64	2020-03-30 13:47:44.180142	email-36.taylor.info	c2f7f5a0-50cf-41d2-8fe5-72c82d1dfaa4	66.00947315378615	{'m1': 7189, 'm2': 7392, 'm3': 9288, 'm4': 1183, 'm5': 9700, 'm6': 7800}
7.64	2020-03-30 13:47:44.180166	laptop-12.thomas.com	7c2f5adf-54e9-456d-b3fe-9d7b852e5e94	95.88576609579532	{'m1': 8463, 'm2': 106, 'm3': 4324, 'm4': 6136, 'm5': 8918, 'm6': 4700}
7.64	2020-03-30 13:47:44.180190	db-92.odom.net	953aff0a-aead-4017-bb92-f43edfb2fab0	94.56221493423625	{'m1': 612, 'm2': 2987, 'm3': 4508, 'm4': 6930, 'm5': 2576, 'm6': 1750}
7.64	2020-03-30 13:47:44.180213	db-85.butler-davis.biz	1b82cf9e-17d3-4823-8ff0-d6c02f95e0f2	88.32812262918293	{'m1': 6912, 'm2': 8282, 'm3': 6624, 'm4': 7553, 'm5': 651, 'm6': 7300}
7.64	2020-03-30 13:47:44.180241	db-89.anderson.info	c9b9da64-dd4d-4123-902d-5aebc1198c65	55.11475110754348	{'m1': 7566, 'm2': 7812, 'm3': 4032, 'm4': 8075, 'm5': 5922, 'm6': 8100}
7.64	2020-03-30 13:47:44.180270	email-19.ryan-anderson.org	1998df99-1f6c-49df-a59d-915c53087acb	94.89933492888414	{'m1': 7725, 'm2': 8262, 'm3': 6930, 'm4': 8372, 'm5': 4056, 'm6': 7800}
7.64	2020-03-30 13:47:44.180293	lt-97.liu-mejia.org	e06cb46b-9079-4b3c-82d4-f80c240120e2	63.047539168865356	{'m1': 285, 'm2': 206, 'm3': 9345, 'm4': 2256, 'm5': 3103, 'm6': 250}
